# The campaign registry.  60 campaigns x 20 attributes, weekly, mid-cycle
# additions permitted.  This is an INDEX, not a source of truth: every column
# here is mirrored from the campaign's own campaign.yaml and the file is
# regenerated by `decider registry index`.  It exists because eleven owners need
# one sorted page, and because `live_campaigns(as_at=...)` needs one read rather
# than sixty.
campaign_id,name,product_code,state,owner,credit_campaign,tree_version_in_force,effective_from,candidate_size,control_pct,variant_design_version,holdout_design_version,forum_weight,ev_weight,permitted_channels,population_impact_bound,route_budget,overlays_in_force,last_signoff,retired_on
23,Flex Loan pre-approved top-up,10,live,campaign_owner_11,true,11,2026-09-01,6412900,0.05,3,7,1.00,0.65,sms;in_app;outbound_call;email,0.25,50000,OV-2026-114;OV-2026-089,2026-08-27,
17,Flex Loan new-to-credit,10,live,campaign_owner_2,true,6,2026-07-01,1204000,0.10,1,4,0.85,0.65,sms;in_app,0.25,50000,OV-2026-089,2026-06-28,
31,Everyday Card acquisition,20,live,campaign_owner_5,true,22,2026-09-01,9880000,0.05,4,9,1.10,0.80,email;in_app;sms,0.25,50000,OV-2026-102,2026-08-30,
34,Access Facility activation,21,live,campaign_owner_5,true,9,2026-08-01,2140000,0.05,1,3,0.60,0.40,in_app,0.25,50000,,2026-07-24,
41,Everyday Card limit upgrade,20,retired,campaign_owner_7,true,19,2026-04-01,0,0.05,2,5,0.90,0.70,in_app;sms,0.25,50000,,2026-03-19,2026-08-31
52,Home Loan Further Advance,40,paused,campaign_owner_9,true,4,2026-06-01,412000,0.05,1,2,1.20,0.90,outbound_call;email,0.15,50000,OV-2026-077,2026-05-30,
61,Drive Finance settlement offer,30,live,campaign_owner_4,true,1,2026-09-14,310000,0.10,1,1,0.70,0.65,outbound_call;sms;in_app,1.00,50000,,2026-09-14,
# ... 53 more rows.  Adding campaign 61 added one row here and one directory.
