child,each_mode,items,records,run_us,us_per_record
light,per_row,1,1,310.04,310.04
light,per_row,1,10,897.35,89.735
light,per_row,1,50,3492.51,69.85
light,per_row,1,100,6721.58,67.216
light,per_row,1,500,32712.33,65.425
light,per_row,1,1000,62706.55,62.707
light,per_row,1,10000,633296.28,63.33
light,per_row,5,1,381.79,381.787
light,per_row,5,10,2004.68,200.468
light,per_row,5,50,9106.52,182.13
light,per_row,5,100,18071.16,180.712
light,per_row,5,500,86987.13,173.974
light,per_row,5,1000,174857.06,174.857
light,per_row,5,10000,1730346.31,173.035
light,per_row,20,1,749.02,749.025
light,per_row,20,10,5625.23,562.523
light,per_row,20,50,27045.41,540.908
light,per_row,20,100,53379.45,533.795
light,per_row,20,500,264597.03,529.194
light,per_row,20,1000,516683.95,516.684
light,per_row,20,10000,5211429.73,521.143
light,per_row,100,1,2633.39,2633.385
light,per_row,100,10,23784.19,2378.419
light,per_row,100,50,116833.14,2336.663
light,per_row,100,100,235237.67,2352.377
light,per_row,100,500,1168279.8,2336.56
light,per_row,100,1000,2327253.06,2327.253
light,per_row,100,10000,23675747.18,2367.575
light,batch,1,1,3582.17,3582.171
light,batch,1,10,4023.35,402.335
light,batch,1,50,4476.31,89.526
light,batch,1,100,5600.17,56.002
light,batch,1,500,7574.79,15.15
light,batch,1,1000,9429.09,9.429
light,batch,1,10000,41505.55,4.151
light,batch,5,1,4199.44,4199.444
light,batch,5,10,3811.83,381.183
light,batch,5,50,4870.35,97.407
light,batch,5,100,4721.09,47.211
light,batch,5,500,7887.35,15.775
light,batch,5,1000,12082.01,12.082
light,batch,5,10000,75328.31,7.533
light,batch,20,1,3426.51,3426.511
light,batch,20,10,4121.1,412.11
light,batch,20,50,5828.23,116.565
light,batch,20,100,6503.83,65.038
light,batch,20,500,14814.3,29.629
light,batch,20,1000,24825.49,24.825
light,batch,20,10000,210175.46,21.018
light,batch,100,1,2837.1,2837.097
light,batch,100,10,4984.83,498.483
light,batch,100,50,10046.12,200.923
light,batch,100,100,14178.35,141.783
light,batch,100,500,46470.5,92.941
light,batch,100,1000,81915.3,81.915
light,batch,100,10000,1038154.74,103.815
complex,per_row,1,1,234.32,234.322
complex,per_row,1,10,947.12,94.712
complex,per_row,1,50,3837.9,76.758
complex,per_row,1,100,7102.14,71.021
complex,per_row,1,500,34708.56,69.417
complex,per_row,1,1000,70043.6,70.044
complex,per_row,1,10000,707330.37,70.733
complex,per_row,5,1,418.98,418.978
complex,per_row,5,10,2863.16,286.317
complex,per_row,5,50,13349.02,266.981
complex,per_row,5,100,26665.7,266.657
complex,per_row,5,500,132562.34,265.125
complex,per_row,5,1000,264569.53,264.57
complex,per_row,5,10000,2660184.65,266.018
complex,per_row,20,1,1178.97,1178.971
complex,per_row,20,10,9789.37,978.937
complex,per_row,20,50,47937.22,958.744
complex,per_row,20,100,95533.62,955.336
complex,per_row,20,500,475966.48,951.933
complex,per_row,20,1000,953983.63,953.984
complex,per_row,20,10000,9572286.96,957.229
complex,per_row,100,1,4743.47,4743.469
complex,per_row,100,10,46649.88,4664.988
complex,per_row,100,50,228535.27,4570.706
complex,per_row,100,100,453350.64,4533.506
complex,per_row,100,500,2268173.72,4536.347
complex,per_row,100,1000,4520982.79,4520.983
complex,per_row,100,10000,45750215.6,4575.022
complex,batch,1,1,3761.03,3761.027
complex,batch,1,10,4067.99,406.799
complex,batch,1,50,5204.12,104.082
complex,batch,1,100,4484.83,44.848
complex,batch,1,500,7041.03,14.082
complex,batch,1,1000,10428.4,10.428
complex,batch,1,10000,53256.6,5.326
complex,batch,5,1,3943.99,3943.99
complex,batch,5,10,4821.14,482.114
complex,batch,5,50,4712.07,94.241
complex,batch,5,100,5454.76,54.548
complex,batch,5,500,9188.57,18.377
complex,batch,5,1000,14245.09,14.245
complex,batch,5,10000,87556.15,8.756
complex,batch,20,1,4882.7,4882.701
complex,batch,20,10,5312.13,531.213
complex,batch,20,50,5955.64,119.113
complex,batch,20,100,6857.67,68.577
complex,batch,20,500,16314.44,32.629
complex,batch,20,1000,28368.85,28.369
complex,batch,20,10000,217094.2,21.709
complex,batch,100,1,4704.09,4704.088
complex,batch,100,10,5595.79,559.579
complex,batch,100,50,9033.48,180.67
complex,batch,100,100,15151.88,151.519
complex,batch,100,500,54996.55,109.993
complex,batch,100,1000,94382.96,94.383
complex,batch,100,10000,1190495.99,119.05
