child,items,records,run_us,us_per_record
light,1,1,245.24,245.243
light,1,10,306.43,30.643
light,1,50,647.44,12.949
light,1,100,1127.67,11.277
light,1,500,7092.5,14.185
light,1,1000,8687.71,8.688
light,1,10000,39798.78,3.98
light,5,1,212.07,212.071
light,5,10,358.8,35.88
light,5,50,1006.56,20.131
light,5,100,1863.86,18.639
light,5,500,9716.31,19.433
light,5,1000,12128.03,12.128
light,5,10000,103002.85,10.3
light,20,1,238.21,238.211
light,20,10,609.01,60.901
light,20,50,2639.74,52.795
light,20,100,4508.37,45.084
light,20,500,18497.87,36.996
light,20,1000,49911.57,49.912
light,20,10000,351405.88,35.141
light,100,1,454.04,454.035
light,100,10,2254.04,225.404
light,100,50,10310.04,206.201
light,100,100,19880.52,198.805
light,100,500,68307.8,136.616
light,100,1000,140788.48,140.788
light,100,10000,1372199.87,137.22
complex,1,1,589.66,589.662
complex,1,10,649.65,64.965
complex,1,50,1568.28,31.366
complex,1,100,2760.92,27.609
complex,1,500,9677.38,19.355
complex,1,1000,11498.92,11.499
complex,1,10000,58910.7,5.891
complex,5,1,475.64,475.64
complex,5,10,820.26,82.026
complex,5,50,2561.98,51.24
complex,5,100,4795.35,47.954
complex,5,500,13818.51,27.637
complex,5,1000,24152.76,24.153
complex,5,10000,182294.05,18.229
complex,20,1,513.43,513.434
complex,20,10,1589.2,158.92
complex,20,50,6458.42,129.168
complex,20,100,12392.89,123.929
complex,20,500,35233.29,70.467
complex,20,1000,62944.09,62.944
complex,20,10000,622859.76,62.286
complex,100,1,946.74,946.735
complex,100,10,5521.99,552.199
complex,100,50,26943.3,538.866
complex,100,100,52097.27,520.973
complex,100,500,139502.47,279.005
complex,100,1000,284522.52,284.523
complex,100,10000,3234660.51,323.466
